<?xml version="1.0" encoding="UTF-8"?>
<text>
	<title>BERICHTEN IN DE LAATSTE EDITIE VAN HET VORIG NOMMER OPGENOMEN. AMSTERDAM, Zondag 2 Januari.</title>
	<p>avsa_S£ï_!?3#s*ja» _Sr Zaandam Kooi* i/d 7&quot; &quot;„„ x cmUende diakonie-besturen te •teld om&apos; aan _ie Lfrs w&apos;ërlinZdaandijk-?,lt hccP V,oor^ealle ondersteuning te we ge? n. tenzd Tniïk toh V»&quot;»1 .*»«&quot;&apos; leverd worde, dat&quot; zulks toe te sch_M.i ?_ h°n heï *7TP&apos; geheel van hen onafhankelijk Scnr«ven is aan omstandigheden vo^^^ geen partij trekt onderwijs in het algemeen W,. » VB&apos; ,maar wel voor het kelijke Jarmbe-sturer dezen ffiJÏÏI T verschillende kergeraeenten van ons vaderland in t_S e?en als,m ,vele andere De Zaanlandsche Kamer vin V_ Sf881-1. ZulJ,cn brengen&apos; aan den minister van finnnH-i?00Phandelen Fabrieken, heeft invoering te verzoeken vani«! ,ee_ adrlB .g°.zonden, om de voor den enkelen brief ___. _ ï nn,&quot;OTm bneiport ad 5 cents len^met^door het geheele rgk. (Zaanl. Ct.)</p>
	<p>ling ™pTv__ L^ïrfvffi&amp;W*^ Vi*thans reeds a m 80 hefpl^„„ 1i J. «^&quot;g Schuttevaer, die hier stationskoffieL-Xteï had Onder vooVnrt^ .&quot; &quot;* imssaris des hoofdbestuur-, den heer AKa &amp;7 n d/nk°m&quot; andere belangrijke mmten i_ t». i _ -,ila™niker. Ondermeer ving van &apos;t hoofdbestuur het riff de kcnnisgede bbij den be^k*,?^^^3 de« g^den uitslag van betering van de have„Zder Sehovf WJnde P.B^B™. *« Terdie de Zuiderzee bevaart hi[ stormt&apos; waardoo«-de schippcrij, geschikter wijkplaats zal ont™.-_, _ nWl,?r e_ ne ««H-Wen geval is geweest. ontvangen, dan zulks tot hiertoe het nog nimmer heeft plaats gehad. g &apos; ■,iT iTot_hed,e .zijn ?rnoS i?eene afdeelingen van het bekende KTn °ad te&quot; pkttCn fande in dc^gprovincie tot stand</p>
	<p>voWe^vatl^?--«&gt;ei&lt; f lal. 25. &apos;y * r Jllj- J 5.60 a 6.— Boeka 6^_£K_oo.t ƒ Vat lste soort /» Schapen ƒ6a ƒ22 aangevoerd 76/4 en 74/8 v. - Friesche</p>
</text>
