<?xml version="1.0" encoding="UTF-8"?>
<text>
	<title>Prijskoerant der Effekten.</title>
	<p>Laagste Hoogste Gebl. MAANDAG 3 JANUARI. koers, koers, koers. Nederl. Cert. Nat. W.S.. . 2i/2pCt. __6/8 53%; 53 n w Dito Dito Dito 3 « 623/. 627.&apos;8 Dito Dito Dito 4 » 843/8 841/3 84&apos;/- Schuldb. Amort. Syndicaat 31/2 &quot; 81 Oblig. Gem. Amsterdam . 5 « Dito Dito 4 » Dito Dito 31/2 11 7-5/4 Dito Dito Kanaal-Leen. . 3 // Oblig. Gem. Rotterdam. .3 «87 871/4 België. Cert. Adm. Bank. . 21/2 » Dito bij Gebr. Rothschild. 21/3 « Spanje. Oblig. 3 pCt. ... 3 » __&gt;»/_• 26i/8 Dito Buitenl. 1841.... 3 t Dito Dito. . 1867. ... 3 »• 265/]6 26H/10 268/» Dito Dito. . 1869. ... 3 « 241% 25 243/* Dito Binnenl. a ƒ 6250. . 3 tt 21 s/4 217/8 21« s/u Dito Dito ƒ1250 en ƒ2500 3 « 22b 1 221/2 Portugal. Oblig. 1853. .. 3 e 337/16 | 33»/i_ Dito 1856/1863 3 »&apos; 32i«Vi« 331/8 Dito 1867 3 11 3215/16 331/]6 Dito 1869 3 11 323/4 327/8 Rusl. Obl. Hope 1798/1816. 5 » 93% 931/2 Cert. Adm. te Hamb. IS2O . 5 « 68 .&apos;8 681/4 Oblig.-Leening 1822 ... 5 „ Cert bij Hope &amp;C°. 1831 . 5 Dito Dito 1833 5 &apos;t Inschr. sde Serie 1854 .. 5 « 617/8 Dito 6de Serie 1855 ... 5 * 759/_ 75&amp;/ s Oblig.-Leening 1862 ... 5 » Dito 1864 a ƒ 1000 ... 5  891/2 893/4 Dito 1864 a £ 100 ... 5 » Dito 1866 a ƒ 1000 ... 5 , 881/2 Dito 1866 a £ 100 ... 5 # Dito 1850 Iste Leening. . 41/2 « 881/4 Dito 1860 2de » . . 41/2 « 813/4 Cert. bij Hope &amp; C°. 1840 . 4 « Inschr. 2e, 3e, 4e Leening . 4 » Dito 5e Leening 1845. . . 4 » Oblig.-Leening 1867 ... 4 « 641/4 «*»/8 Dito Leening 1869 .... 4 » 631/4 Dito 1859 3 » 523/ s Inschr. in Bank-Assign. .. 6 » Certificaten van Dito ... 6 » Aand. 1864 5 pCt. Rs. 100 . ƒ 230«/ s 232 Dito 1866 11 2241/2 226 Polen. Schatk.-Oblig. 1844. 4 pCt. 631/2 Aand. 1835,11.500 .... ƒ 1713/4 172 Pruisen. Obligatien .... 5 pCt. Aand. 31/2 pCt.aïh. 100. . ƒ 2061/3 Oostenk. Obl. pap. Mei/Nov. 5 pCt. 473/ t 47 &quot;/is Dito Dito Febr./Aug.. . . 5 » Dito zilver Jan./ Juli... 5 » 56 Vw 561/4 561/4 Dito Dito April/Oct.. .. 5 » 553/4 55i3/18 Aand. a fl. 250, 1839. . . ƒ 530 D° D°. 4 pCt. fl. 250 1854 * 223 D°&apos; D° 5 pCt. « 5001860 1, 4821/2 485 Ijo; !)«&gt; « 100 1864 n 1121/ s 1131/3 Italië. Inschrijving .... 5 pCt. 52 Cert. Amst. Adm 5 „ 521/3 53 Griekenland. Obhg 1825 . 5 Tuukijk. Obl. Alg. bchuld . 5 , 4213/_j 431/8 43 Dito 1863/1865 ƒ Egypte Oblig. 1868. ... 7 pCt. 76% 7615/_6 N -Amekika. V. St. losb. 1874 5 „ 90 Dito Dito ...&quot; 1904 5 , Dito Dito .. ■ &quot; 1881 6 , 931/3 93-Vs Dito Dito ...&quot; 1882 6 „ 916/16 Dito Dito ...» 1884 6 „ 90i/._ Dito Dito .:. . &quot; 1885 6 „ 903/8 909/_. Dito Louis, bij Hope &amp; C°. 5 , * Brazilië. Obl. 1865.... 5 , 85 Dito .... 1852 .... 41/2 „ Dito .... 1858 .... 41/3 , Dito .... 1860 .... 41/3 , Dito . ■ • • 1863 .... 41/2 , Mexico. Obligatien 1851 .. 3 „ Dito 1864. .. . . ... 3 , Si/s 59/i6 Aand. 6 pCt. 1865 Fr. 500 . ƒ Grenada. Obligatien . . . 3 pCt. 1711/ig 17»/4 Dito Gestemp. Werkelijke Dito Dito Uitgestelde . . 71/3 7»/i_ Venezuela. Oblig. 1862 . . 6 pCt. Dito uit de Conversie .. 6 . Dito 3 * 9i/« Dito 11/ a « Ecuadok. Obligatien 1855 . 1 „ | Ned. Bank, Aand 5 pCt. 246 Ned. Handel-Maatech., Aand. 41/0 u 1125/8 Dito Dito Rescontre. . . 113 114 H 3 Entrepót-Dok, Oblig. . . . 41/, „ 91 Ned. Rhijnspw.-M., Aand. . 279i/ï Dito Dito niet volgef. . . 1003/4 Ned. Ind. Spw.-M., Aand. , 41/3 » Oblig. Dito Dito 1869 . . 41/3 » 90/4 Ned. Centr.-Spw.-M., Aand.. Dito Dito Oblig. 3 pCt. . ƒ Dito Dito gestempeld . . » 661/3 668/4</p>
	<p>«?,._ £*-• a.nt«eb- Aand. Dito Dito Oblig, 1868.. 4 // 833/4 84 T&gt;&apos;!Un&apos;?P-Aand-&apos;SPCt- f 215 216 215 Dito Dito Hypoth. Oblig.. 41/2 pCt. 891/4 Dito Dito 4 pCt. ... ƒ ir,2 Russ. Spw. Jelez 5 pCt. . . . 201 I Dito Poti Tiilis a ƒ 1000. 5 pCt. 82&quot; . CDito Dito a £ l(X). ... 5 « 77&apos; t Dj&apos;i o Orel Jelez ƒ 1000. . 5 // 81-l/8 Dito Kursk Chark. f 1000 5 « 807/,= Dito Chark. Azow .£ 100 5  70:.&apos;&apos;,, 70.11/- Dito Moskou Smol. ƒ 1000 5 . soit &apos;ö&apos;w Dito War3chftu-Broinberg. .17/,. mii, Oost. Nat, Dank, Aand. .. 3 , 7™ 8 ,«_ fft Oost. _pw.,Óblig.3pCt. ,&apos;g 391&apos;3 Bttld.ltal.Bnw., Oblig. 3 pCt, „ %va 139 Illm. Cent.-Sp., Cert. v. Aand. „ tJ, &apos;~ Dito Dito Bedompt. Oblig 6 „ ._?_. Chic. Rock Isl. Cert v. Aa_3 l\\h Chic. N. W. Cert. v. Pr. Aand&apos; ka kb 1_ Pitsb P.W. Cert. v. Aand . £ exd M k Ene-Spoorw. Orig. Aand 101/. &apos; i&lt;i Atl.Gr.W.-Sp.O-UeHyp 7 _ &apos;* Dito Dito Gec. Oblie 7 , 141/, st- P?ul_&amp; Pac.Sp. Ie S.Obl&apos;.7 n 678/4 -!_. tv ° ?.de Sectio- &apos;• 7 * 6612 665/8 Dito Dito Gecons 7 , &apos; Dito Dito 1869 7 , 67i/0 67&apos; 1 __.S vm Ut Geld ■&apos; B«!een. —; Prolong. 41/2, 5 pCt. Aldus opgemaakt door het Bestuur der Effekten-Socieleit, P. P. UZURET, Prcs.-Comm.</p>
	<p>H°H- fondsen openden geanimeerd, doch sluiten flauw. Aand. N. H M. leverde bij kalme markt geene noemenswaardige verandering op. Van buitenl. effecten waren spaansche onveranderd vast. lurken rezen in navolging van Londen s/„ pCt. Oostenr. ferm m.-t vraag voor aand. met loting. Russ. onveranderd, uitge«anderd sporen en loten, die bij vrij levendigen omzet opnieuw gerezen zijn. J Amerik. sluiten onveranderd na willig geopend te zijn. Spoorweg-aand. en oblig. meest allen gezocht en sommigen hooger; zoo als Illinois, die ll/3, Erie 3/t en Pacific s_ pCt.gestegen zijn. Geld zeer ruim en op prolongatie 1/3 pCt. lager. Aand. Theis. Spw. 2401/., 242; nieuwe Russ. Pandbr. 162; 5 pCt. Hongaarsche Spoorweg 102; 7 pCt. Rumaanschc Leen. 129, 1/3; 3 pCt. Victor-Enianuel 72V4, 73; 5 pCt. Paus. Leen; 663/4; Aand. mot loting stad Madrid 20&quot;/., 21; 7 pCt. Rockford Rock Island 691/2; 7 pCt. Calif. Paific 72V.; 7 pCt. Centraal Pacific 731/4, s/g; 7 pCt. West Wisconsin 687/8; Union Pacific 731/4; Aand. Chic. Pittsb. Fort Waine 71V»; 6 pCt. Turken 1869 ƒ 1421/2, 144; 5 pCt. Ver. Stat. 8IV3; 4Va pCt. Nation. Hypoth. Bank 97V_.</p>
	<p>Koers van het geld bij de Ned. Bank sedert 3 Nov. 1869. Wissel-Disconto 5 pCt.; Promessen-Disconto 5% pCt.; Beleening van Binnenl. Effecten 5% pCt.; id. van Buitenl. Effecten 5 pCt. id. ran Goederen 51/3 pCt.</p>
	<p>.^?-&apos;.^.dCTU-W&apos;P?,&apos;M- Metallieke ƒ 19.90 Dito Nationale •_ ,2,4 i 7,/*&apos; Dlto_En2&apos; Per £ ƒ11.771/3; Eng. Bussen per £ f 11.771/2 -, Eng. Portugal per£ ƒ 11.77%; Fransche ƒ 56; Belg. 56%; Prms. ƒ 341/2; Hamb. Russen ƒ —; Russen in. ZR. ƒ 281/3 ; Pook, in fl. ƒ 27%; per Z. R. ƒ ; Spaans; f ~-~; Amerikaansche Dollars ƒ 2.41; Dito Papier ƒ ; Koebels ƒ -j Turksche Coupon ; Spaans.-Frans. ƒ 56; Piaster ƒ2.25; Oostenr. Bank-Actien-.—.</p>
</text>
