<?xml version="1.0" encoding="UTF-8"?>
<text>
	<title>VERVOLG DER NIEUWSTIJDINGEN. AMSTERDAM, Maandag 3 Januari.</title>
	<p>In Felix Meritis wordt Vrijdag e. k. het derde koncert gegeven en Zaterdag kunstbeschouwing door den heer mr. C. A. Crommelin, beide des avonds ten 7,_ ure. Het bestuur der afdeeling teekenkunst heeft besloten gedurende den winter alle kunstbeschouwingen voor de dames van leden toegankelijk te stellen.</p>
	<p>Wij ontvangen van Reuters office de volgende telegrammen: 1&quot;. &apos;BATAVIA, 30 __OV. (Point «le Galle, 14 Dcc). (Eerst heden ontvangen.) Java koffie f 30 a 34. — Arak f 128.1_V_- — Vracht naar Nederland / 32.50 a 37.50. — Wisselkoers op Nederland ƒlO4 a 104.75. Aangekomen schepen : Alcyone, kapt. Kruisinga; Anna Digna, kapt. Lucas; Gebr. v. de Beek, kapt. Göbel; &apos;s Gravenhage , kapt. Alberts; Mary Goddard, kapt. Nouhuys. Vertrokken schepen : Bali, kapt. v. Rossen: Copemicus, kapt. Algra; Burgemeester Hoffmann , kapt. Grafthuis; Elisabeth en Jacoba, kapt. Bakker; Johanna, kapt. Verduin; Marie, kapt. Peeters; Minister Franssen v. d. Putte, kapt. Bouwmeester ; Oceanus, kapt. Planten; Professor v. d. Boon Mesch, kapt. Vrijman.</p>
	<p>2°. BATAVIA, 14 DEE. (Point do Galle 28Dec.) Verk 50,000 pik. Java koffie, a ƒ 32.25. — Verkocht 100,000 pik. suiker a ƒ 15.50. — Rijst Iste kwal. ƒ 165 a 185, dito 2de kwal ƒl3O a 145. — Gom Damar f4B 25. — Vracht naar Nederland ƒ 45a 50. — Wisselkoers op Nederland ƒ 104 a 104.75. Aangekomen schepen : Anna Maria Wilhelmiiia, de Haan. - Rotterdam, Janzen. - Zaanstroom, Oepkes. Vertrokken schepen : Alblasserdam, &apos;t Hoen. - Copernieus, Algra.</p>
	<p>* DEVENTER, 2 Jan. De spoorweg van deze stad op Leeuwarden is gereed. Het procesverbaal van overgave van den staat aan de exploitatie-maatschappij, zal naar men ons meldt, weldra worden ingezonden aan &apos;het dep. van binnenl. zaken.</p>
</text>
