<?xml version="1.0" encoding="UTF-8"?>
<text>
	<title>Scheepstijdingen.</title>
	<p>TEXEL,3I Dec. Binnen: Baltiraore,Doekzo,Batavia. Latere dépêche:; Nobel, Cornnbia, Taganrog. Uitgezeild: Hollandia, S., Londen. - Diana,!., id. ■■T Bovenstaande Telegrammen zijn reeds in ren gedeelte onzer vorige Oplaag opgenomen.</p>
	<p>Twfing on; het inkomen l^U-t f&quot; £- aan&gt;€92,ooo £. &quot;&quot;&quot;&quot;i 1,0/0,000 i, aan grondbelasting ÜbS?&apos; 3&apos; DCC Dö Bank van E^had heeft £ 25,000 gekomeno&quot;&apos;ll&apos; 31 DcC- De Cimbria is ™n New-Tork aandedS JSdat^^&apos;Cbee?en^-W&apos;u&apos;0,&quot;n(!&apos; mocnt te kunnen &quot;i^__^crt^™»^&apos;^»^&quot;,« fe?__3_3_i«^3H volgens&apos;hVrff^óoniai W^ n- * -oVen?e Portefeuilles zouden, &apos; abi_efb_cht wSt aws: 7rgaai}« «at, behoudens onvoorziene vermdeA__^i&apos;tS__i _seld&apos;5eld&apos; ministers aanstaanden Zondag ii^^_/°Wr™ «ti^srs^Si&apos;S&apos;^&apos;^fe »en Hoewel hii weder e^n&quot; hee^ zich in cassatie ™°r- NwaL)TweoV:^ „T MADRID, 1 Jan. De HeerMont^, do°dS&lt;!Bchoten&apos; neemt aan de regeering hot stent. £ h-et? naar Tn Tl koning Victor Emannel __. stclhSe hencht gezonden, dat den hlrtofv°„ GènuaCgoed°te ÖT ka,,didatnur yan r^£^tir^ m K voor&quot; heden traag &amp;»•__»,_.*&lt; was de stemming Com^cfen^ p 2 °P ** genoteCTd&apos; - «-■■ ifoter nominaal. tian 12i/2, _to Dhollerah 97/_,&apos;%i£ orl°ans &quot;7/&gt;-&amp;ir Eg}pwattee 9»,, dito »T___ »_ &quot;ditï b Bro,ch 2 &apos; dito oo»&quot;&apos;adito Pernam 12. * dlto BonSal 8, dito Smyrna 10V. PETERSBUKG, 31 Dcc 7„« i„ „ „ Jon** Mei 10. _óc7e loko 6-4 Mei £v 4k; ok,VDec- 561/. flauw, tfennep Jnli 35. ö/nÜtVd! Auf^«^««Vfcalïfl. Thermometer 1» boven nul g&quot; 3 &apos;2&apos; stlh</p>
	<p>in Goud 1087/8f 6 pCtlmer• iw» .?_=. 2(S- Wlssel op Londen ll3; Dito Chicago North Western •fe_£„ l?1 !*&apos; Ene Spoorw. 217 p; HO- VhiWelphU Ma* Meel —• &quot;* I*, spetter —; Suiker — •</p>
	<p>LONDÈV (Slot^en feestd^-8 PCt Braz. 1865 _V ffp^B^ &apos;]1(f P&amp; Geconsol. 92%; -; Dito Coup. _. 3 pCt. Mexico Ff™dor-; 5 PCt Grieken J77_ 2 PCt^^&lt; JW,-I*% POt&apos;. RusCd^\&apos;Bfi3/?/T^;&apos;3 pC?l)t 8 pCt. Dito 1862 851/ g • Dito _/ _$*• I)ito 1«59 53%; 91-, 4 pCt. Nieuwe Ditf IWTWIl8?4. 3_ ! _ p(-X Dito 1866 _%,P». -; Dito 1867 , ap(S&apos;TMfP9_ Spanje 26ex: Dito M%; » PCt. Turks. Alg. Bchiüa«£%1889 &gt; 5 pCt.&apos;Italië&apos; ij*? ,TL! PCi Dito &apos;864 &quot;. !_&apos;,!?»_-•; 6 pCt.Dito Certif.. . * pCt. Dit &apos;J% pCt. 1 )lto -; 2i/2 pCt. _ P^&apos; A^nk? 1882 853/4; DiCi_s RlJn-sI)0orw. Actiën —, 2 _t&quot; ?r,be&quot;tures Atlant.^ndGr S,,7^_ 7PCtObI-102% 7 pCt. Atlant. (Gecons.) 253/ï {£•&apos; iPw- (f100) a -- Sl*_&quot;,-_ Jaroslow -»-VS__; Aand&apos; &quot;Vj; Azow-, Wissel: Petersburg 3/m 28V„. p lal&quot;SPw- — »—. 3/ï,j,&apos;3-ll;iAmBteraam 8 3/m&apos; 25-37%; Hamburg ___ S^4L?lmi&amp; 3/m. „T; Bank-Act -; &apos;AsMpdU&apos;]wta . 6pCt.ltaLTabaksl&apos; Zuid-Oost. Lomb SpwT^VBsB -I » pCt. Spanje 1867 - MADRID, 31 Dec. 3 pCt82&apos;Spanie „„</p>
</text>
