<?xml version="1.0" encoding="UTF-8"?>
<text>
	<title>TELEGRAMMEN. (REUTERS OFFICE.)</title>
	<p>WEENEN, 31 Dec. De Oesterreiehische Correspondent,meldt, aat ac maatregel van de conversie der staatsschuld bHdebuiteniwntóche huizen, op last van den minister van finantiën&apos;Brcstel, Op 31 Jan, en 31 Maart moet zijn afgeloopen.</p>
	<p>BERLIJN, 31 Dec. Rogge Dec. j April-Mei 441/sj Raapohe Dcc, -; April-Mei ia*/» I Spiritus Dec. 12*/.,; April—Mei 15\/«. PARIJS, 31 Dec. Raapolie: loopende maand fr.98.50; 4eerste maanden 1870 fr. 98.50; 4 zomermaanden fr. 98.—. Voorloop •/,: loopende maand fr. 56.50; 4 eerst.- maanden 56. —; 4 zomermaanden —.—. Lijnolie: loopende maamd fr. 83.50; 4 eerste maanden fr. 84.— -, 4 zomermaanden fr. 85.50. Meel 6 merken loopende maand fr. 55.50; 4 eerste maanden fr. 55.50, Maart—Junij 56.50. Beetwortelsuiker 4de soort N°. 12 fr. 61.75. Fraai weder. ANTWERPEN,3I Dec. Petroleum 59-&quot;&apos;...</p>
	<p>,PA 1fö31,1?e_ (Siotcoursen) 3 pCt. rente (opening) 72.821/2; 3pCt Dito (slotk.) 72.82V2-, Cred.-Mob. (Nieuwe) 206.-. Dito Fransch-Oost. Spw. 840.-; Metalieke 1865 330; Créd.&apos; Moh. Espagnol. 392 ;*_«. Obl Gestamp. -.- ; 3pCt.Spanie _2_i i?-Ct&apos;« Dlto 1867, 27Vs; 4 pÖt. Russen 1867-.-; 5rJ?S_. «&apos;«_S°&apos;T&apos; 5 PCtJurk-A1g.5ch.45.70; nieuwe Turk! l^mb^rde„PK7.^raenka 18S2 97&quot;i; 7 &amp; E»Tte 80.85; Ti;?nß^rEL* 3&apos; D«c- (Slotkoersen). 5 pCt. pap. Metall. 48!/»; ?,ï _? _7 ;-,°?st Cred&apos; £et -1 6 J&gt;Ct. Amer. XisSl 891/&quot; *VïAT^TWPpfeVO3-^ ~ Wissel Amst- ~- T in T^S ,PrSN&apos;c3&apos;r.Pe.C- (Slotkoersen). 41/3l,Ct.Relgië 103.35; ffl^-W!A^_Ï!?_,&quot;B M*5 TukeD 38. Wissel!</p>
</text>
