<?xml version="1.0" encoding="UTF-8"?>
<text>
	<title>BINNENLAND. AMSTERDAM, Zaterdag 1 Januari.</title>
	<p>Men verwachtte reeds gisteren, dat het Journal officiel de namen mededeeleii zoude van het nieuwe fransche ministerie, maar werd in die verwachting teleurgesteld. Wel verscheen het blad later dan gewoonlijk, als of men nog tot op he: oogenblik de tijding had willen opnemen, maar naar het schijnt heeft Ollivier moeilijkheden ondervonden bij personen, op wier ten weigeren. ... &apos; ...,,i ), v _,-__ Jon heer lluffet. wien Volgens een gisteren uit Parijs ontvangen telegram&apos; w» ~~ heer de la (iuerronière zitting hebben in het nieuwe kabinet. Heden echter wordt door verschillende dagbladen (zie telegram) aeel andere lijst medegedeeld, onder bijvoe-ging, dat die morgen in het Journal officiel zal verschijnen. Zoo lang men intusschen geene volkomen zekerheid beeft zou het ijdel zijn zich te verdiepen in beschouwingen Omtrent de personen «lic Oji deze voorloopige lijsten voorkomen. De Patrie spreekt ten stelligste de berichten tegen omtrent eischen van den sultan aan den khedive tot uitlevering van de 200,000 geweren | die in den laatsten tijd voor het egyptische leger zijn gekocht. Trouwens dit cijfer zelf is zeer vergroot. De khedive bezit niet meer dan 40,000 naaldgeweren, welke allen reeds in handen zijn van het egyptische leger &quot;dat — zegt het blad niet zonder eenige ondeugd — «er uitstekend mede weet om te gaan.&quot; De Dalie maakt&apos;eenige opmerkingen over het onlangs ontvangen bericht, omtrent eene algemeene ontwapening, die ons zeer juist voorkomen. Indien werkelijk het voorstel tot eene algemeene en gelijktijdige ontwapening werd gedaan, zegt dit blad, zouden wij vrees koesteren voor het uitbarsten van een oorlog. Hoe minder men daarover spreekt des te beter, want dan gaan de zaken haar natuurlijken weg, namelijk deze, dat langzamerhand de spanning afneemt, de buitengewone maatregelen worden ingetrokken, de uitgaven voor oorlogskosten verminderen en men dus ontwapent zonder het te bemerken. In de laatste halve eeuw heeft men vijf malen «ene algenna-n.-wapening gezien. In 1830 na de Juli-omwentehng; in 1840 na de onlusten in Syrië; in 1858 na cle februarij-omwentelmg en tot aan den oorlog in de Krim; in 1860 na den italiaanschen oorlog en eindelijk in 1866. Elke wapening is gevolgd door eene bijna algemeene ontw*pening, zonder dat daarover onderhandeld werd en alleen ten gevolge van de vredelievende rigting der publieke meening. Dit is zóó waar, «dat Frankrijk in 1866 ontwapend was. zonder dat men het wist en zelfs dé keizer scheen daarvan onkundig te zijn. Dit ligt dan ook in deh arm! d,-r zaak. Eene spanning duurt niet jaren lang eu eene natie blnft evenmin voortdurend gewapend, als een schildwacht den geheelen dag gereedstaat, om een aanval af te slaan.</p>
	<p>Het Staatsblad N&quot;. 212 bevat de wet van 31 Dec. 1869, houdende aanwijzing van de middelen ter goedmaking van de uitgaven . begrepen in de staatsbegooting voor hot dienstjaar 1870- «n het Staatsblad N°. 213 de wet van 31 Dec. 1869. houdende toestemming tot de huwelijksvc-rbrndteme run H iv. tl. prinses Wilhelmina Froderika Am, (.Mariade. landen. .</p>
	<p>13&quot; 1 • ii-u- besluit van 30 Oktober 1869, N°. 22, is be- Bij .komn^^^Thet notarieel afschrift, der Akte,houdende wijliging vene s(,lt„ten van de naamlooze vennootschap: do Véa^frlrindsche Glasver zekermg-tnmtschappij , thans te vestigen te «otterdam. Z. M. heeft: l&quot;. Bervol ontslagen den heer mr. 6. ™n.Tfon- diens verzoek, als schoolopziener in het 4de schoolülstriKt der provincie Groningen, onder dankbetuiging voorde doorhem bewezen diensten; —V.&apos; benoemd bij het, departement van marine tot hoofdkomm. den konim. W. J. M. Asinus en benoemd tot adj.-komm. den eersten klerk bij dat dep. F. Jas; bij het dep. van tinantien tot, komm. den heer E. A. J. Furstner; — 3&quot;. benoemd bii den riiksteleg.&apos;aaf tot onderdirekteur der lstekl. E. F. Vivkc thang ond&apos;erdircktcur 2de kl.-, tot tebgratist lte kl. L. F. van Heumen F. J. H. Huvsmans enP. J. Hogerzeihtottelegrafisten 2de kl F. Stoel, J. W. van der Noorda, H. L. Peerlkamp, J. L. Yerme.it, .T. li. Bemelmans, A. Pot, H. J. de Boeuff, A J. van Beek,L. Brondert, H. F. Bordewijk, A. Oudshotl en J Wf. L. van Biilevelt; tot telegrafist 3de kl., na afgelegd examen, H. G. Berghuis v Woortman en J. A. de Man: — 4°. overgeplaatst bij het depart. van finantiën met hun tegenwoordigen r»ng: W. CA staring referend.bij het uep. vau bninenl. zaken; E. Wenckebacji, ineen van den rijkstelegraaf, J. .AI. Collette . adsist.-ingen. bij id. J J A Stiitze&apos;r, kommies op het. bureau van den ingenieur bij idem- P. J van de Kasteel,- en W. G. P. van der Burg, kom miczen ter kontrole bij idenr, - s%benoemd tot mSpekteur van den rijkstelegraaf A. H. van ïluel, tot hoofdcommies H. Stokvis, tot adj.-komm. P. % H. Linctens, A. fint, W. Geerling, O. M .1. Plokker. M. P. de Jonge Lughtcn én ü Eneeibrégt. Voorts bepaald van den rijkst.-„graaf J. J. van Kerkwijk, als ingenieur m algemeenen dienst, 6ij de rijkstelegraattijnen werkzaam blijft,</p>
	<p>Bü beschikking van den minister van binnenl. zaken van 31 Dec. 1863, is de klerk bij den rijkstelegraaf W. J. D. van biivsiierg, op diens verzoek met ingang van 1 Jan. 1870 eervol ontslagen.</p>
	<p>Zr. Ms. raderstoomschip de Valk. onder bevel van d&lt; tein-luitenant ter zee N. M. J. Kroef, is, volgens een bij he departement van marine ingekomen telegram, den 30sten det&gt;\ van Alexaudrië naar zee vertrokken. Aan boord was alles » si.,. ï&gt;e kapUuit. ter ue G. H. Öakker en de lult. ter ««der late klasse jhr, J. H. P. von Schmidt auf Altenstadt, laatstelijk behoord hebbende tot het eskader in Oost-Indië, en van daar respektieveiijk op 19 en 21 Dec. jl. in Nederland teruggekeerd , Worden met die datums op non-activiteit gesteld.</p>
	<p>Maatschappij tot exploitatie van staatsspoorwegen. In exploitatie gemiddeld sedert 1 Jan. 1869 838kilom., togen 741 kilom. In 1868. Totale ontvangsten: Van 1 Januari tot 16December ƒ 3,419,747.62 Vu, tegen ƒ 2,880,814.51 _ in 1868; van 17 tot 23 Dec. ƒ 58,354.51$ , tegen ƒ 53,174.55 Va m 1868-, totaal ƒ3478,102.14, tastten ƒ 2,933,989.07; gemiddeld per dag en permijl sedert 1 Jan. ƒ 11.631*4 tegen ƒ 11.03 in 1868.</p>
	<p>Eergisteren avond werd den heer mr. J. R. Corver Hojtft het blijk van erkentelijkheid Voer tienjarige trouwe dienst als wefchouder van Amsterdam aangeboden door de kommissie, die onlangs het initiatief ten deze genomen had, en zich daarop mogt verheugen in de medewerking ran een aantal stadgenoot _, die, hoewei van verschillende richting, echter onpartijdig de diensten, door den beer Oorver als wethouder bewezen, erkenden en hem het bewijs vari die waardeering wilden geven. Het geschenk bestaat m een kostbare, smaakvolle zilveren, toupe met deksel, ter hoogte van 50 centimeter, in klassieken stijl bewerkt, en even fraai van konceptie als uitvoering, vervaardigd in de beroemde faTbriek van de heeren A. Bone bakker en Zoon, alhier. Om den blank gepolijst zilveren voet, sierlijk fan teekening, slingeren zich met zilveren acacia-takken, het zinnebeeld van gehechtheid en vriendschap. De coupe zelf is mede van geheel blank, schitterend gepolijst zilver, dat een uitmuntend effekt maakt, dewijl het als gebogen spiegel, &apos;zoowel de rondom hangende guirlandes, als den rijk bewerkten voet weerkaatst. Op het deksel is een fraai gemódeleerde zegewagen, in den vorm van een hoorn des overvloeds, geplaatst met drie paarden bespannen, die door den menner met va#to hand worden in toom gehouden. De inscriptie luidt: 1359—1869. Blijk van erkenteijkheid aan mr. J. R. Corver Hooft voor tienjarige trouive dienst als wethouder van Amsterdam.</p>
	<p>Bij dit geschenk is een album gevoegd, dat een meesterstuk van kunsfpenwerk mag genoemd woWen. Het ojischrift, of zoo men wil de titel, dezer naamlijst, is bijzonder fraai georneerd met de zinnebeelden van koophandel, zeevaart e.l burgerlijke macht. De vervaardiger, onze stadgenoot, de heer A. Grevenstuk, heeft zich bij dezen niCUwen arbeid weder voortreffelijk gekweten. {Amst. Ct.)</p>
	<p>Met genoegen Vernemen wij, dat Z. M. den beeldhouwer J. Stracke de Personele vergunning verleend heeft tot het voe&quot;-ren van het Ksninklijk wapen.</p>
	<p>Gelijk reeds kortelijk werd vermeld, is op 27 December, alhier, in het Odéan, erideir voorzitterschap van Prof. A. D&gt; Lóman de vijïdê. algemeene Vergaderingvan de . Nedéïiandsche ifc+aalvereehiging gehouden. In weerwil van het ongunstige «veder was er een talrijker publiek dan den vorigen Keer tefeówoordig, ïeker wel ten gevolge van het gezang der kweeelingen van het Instituut tot Onderwijs van Blinden, die de &apos;nummers 73, 96j 89 en 97 van het koraalboek ten gehoore brag&apos;ten. De vereeniging telt thans ongeveer 120 korrespöttdehten •door het geheele land, 990 gewone leden (a 75 Cts. &apos;sjaars) &apos;.en 218 leden-beschermers (a ƒ 3 of meer.) Van den Vijfden jaargang .der koralen werden 1346 ex. voor dê gewone behoefte, \3ft op bijzondere aanvrage Voor een bedrag van ƒ 442.03 verzonden. Bij een saldo Van ƒ 1296.72 Va waren ƒ 1375.86 aan ontvangsten gekomen* na een uitgave van ƒ 1552.14 Va bleef er dus een nieuw saldo van ƒ 1120.44 &apos;óver. De honderd vierstemmige koralen, tot heden verschenen, zullen voor drie gulden algemeen verkrijgbaar Worden gesteld. Overal verrijzen er fcanggezelschappen. die deze stukken bij uitsluiting of bij afwisseling met andere muziek beoefenen; Ctt deze zullen nog iiieer toenemen, wanneer de thans afgedrukte handleiding bij het onderwijs in het koraabreiang (van den heer J. C. Textor %e _ Gravenhage) zal zijn verzonden. Het is een boekje van fiO bladzijden voor den onderwijzer, roet eenige pagina&apos;s muziek, die de leerling in de hand houdt. Bovendien stelt zich de vereeniging voor, in het vervolg bij een deel der koralen een eenvoudige begeleiding voor &apos;orgel of piano aantebieden, om zooveel mogelijk te zorgen vóór Verscheidenheid. Ten einde geene bron van goed koraaliuuziek ongebruikt te latert, worden ook van tijd tot tijd oude en zeldzame stukken aangekocht, laatst nog op de Verkooping van Wijleil Isaac Meulman; en Onder de nummers, tér vergadering voorgedragen, bevond zich tt. a. een «ingelsch madrigaal uit de 17de eeuw en een oorspronkelijk nederlandséhc melodie, nit Stalpart van de Wiele ontleend. De bibliotheek wordt tevens aan de Maatschappij ter bevordering der Toonkunst in bruikleen afgestaan. Al wie nog bnaé kÖraalboeke_ en soortgelijke mogt bezitten zonder ze te gebruiken. __£ een goede zaak een dienst doen met die aan de «roe&apos;-^AjiV (a(jres pïof. A. D. Loman te Amsterdam) aftestaan; &quot;erlangt hij ze later nog te raadplegen dan is hem de gelegenheid daartoe niet benomen. — In plaats van wijlen den Heer Nieuwenhuyzen, organist von den utrechtsehen Dom (een onzer bladen noemt bij vergissing prof. Domela Nieuwenhuis) werd de heer S. de Lange Sr. te Rotterdam tot hoofdbestuurder verkozen.</p>
	<p>Gedurende het jaar 1869 heeft het Nederlandsche zendelinggenootschap aan giften en legaten ontvangen ƒ 46,137,121/2.</p>
	<p>Het hoofdbestuur van het Nederlandsch Onderwijzers genootschap heeft besloten tot vermeerdering van het hulpfonds, verbomlen aan de levensverzekeringmaatschappij van het genootschap eene verloting van voorwerpen van allerlei aard te doen plaats hebben , welke verloting te Amsterdam tegen f 1 het lot zal gehouden worden.</p>
	<p>Heden werd Idoor./lft&apos;l ..haf uVt&quot; gSïïee-ntê. Èij die gelegenheid werd hem door de gezamenlijke boilen aan het stadhuis een bewijs hunner achting en vriendschap aangeboden.</p>
	<p>Het Januari-nommer van de Gids is hoogst belangrijk, men zou kunnen zeggen hooggeleerd, van inhoud. Men vindt er een opstel over het ontwerp tot regeling van het hooge r onderwijs, van den hoogleeraar W. Koster, waarin de voorgestelde regeling , vooral van een medisch standpunt wordt beoordeeld; eene beschouwing van de jongste tentoonstelling in Arti, van de hand van den heer S. Gorter; een staatkundig artikel van prof. Buys , welks titel: Een Woordenrijk Parlement, reeds duidelijk Bpreekt; een opstel van den hoogleeraar Vissering, waarin hij het thema&apos; geloovige wetenschap behandelende, zich in den strijd over de staathuishoudkunde mengt tusschen de HH. Mrs. van den Biesen en Stoffels, en bewijst, dat eerstgenoemde de werken van Quesnay, Smith en Malthus, die hij veroordeelt, zelfs niet heeft gelezen! Het bibliografisch album bevat o. a. een kritiek van prof. Buys, op het werkje van Mr. van Houten, de*toekomst onzer finantiin; van prof. Moltzer, over het eerste deel van Jonckbloet&apos;s Geschiedenis der Ned. letterkunde; van prof. Kern, over Lttbbert&apos;s Grammatische Studiën, enz.</p>
	<p>la eene eergisteren gehouden vergadering van deelhebbers zijn de statuten vastgesteld van de naamlooze vennootschap *-Nederlandsche Maatschappij de Noordzee,&quot; tot uitoefening van zeevisscherij, onder direktie van de heeren Pieter Kikkert Hz. en Paulus Kikkert, en zijn tot kommissarissen benoemd de heeren jhr. E. van Heemskerck van Beest, Henri Krüthoffer en mr. B. C. Mees. Het kapitaal dezer maatschappij is, in plaats van f 300,000, waarop het prospektus was uitgegeven, verhoogd op ƒ 325,000, in aandeelen van ƒ 1000 elk; tegen Juni eerstkomende zullen zes loggerschepen voor de haringvisscherij in gereedheid worden gebracht en later nog eenige.</p>
	<p>De Shipping and Mercantile Gazette deelt berichten mede van de Westkust van Afrika, loopende tot 4 December. Daaruit blijkt dat de Fantijnen de grenzen van de Goudkust bezet hielden, en dat de vijandelijkheden tusschen de Ashantijnen en de Hollanders steeds voortduurden. Aan een partikulier schrijven uit Akkra, ontleent de Arnh. Ct. nog het volgende: //De Benin is juist op de reede, en ik haast mij hier nog bij te voegen, hetgeen ik gisteren van Elmina heb vernomen. Commendah is genomen; de landingsdivisie der marine kampeert daar met 100 Afrikanen, en er is geen vijand te zien, totgrooten spijt der matrozen. Drie soldaten zijn bij den aanval gekwetst; zij hebben niets gevonden dan gedroogden viseb. — Het verlies dei- negers moet zeer groot zijn geweest, want zij durven niet terugkomen. //Nu het volk van Commendah niet meer naar zee kan gaan om de handelskano&apos;s te nemen en te jagen, is er een groot verkeer met de bovenkust, waar alles rustig is en de handel veel beter gaat dan bij de En;relschen, die op Cape Coast Castle en andere plaatsen met gevulde pakhuizen blijven zitten. z»De ashantijnsche boodschappers, ten getale van 300, zijn op weg naar Elmina. — Zij voeren een beul in hun gevolg, die eiken vijand, of liever eiken Fantijn, den kop moet afsnijden. «Door de goede maatregelen van den gouverneur, die den secretaris Le Jeune met het stoomschip Amslel naar hen toezond om hun te gelasten zich behoorlijk te gedragen, hebben tij het koppensnollen moeten opgeven en zijn zij thans rustig. //Hier (op Akkra) gaat niets om; de bevolking is voor het grootste gedeelte uitgetrokken om de Ashantijnen te bevechten, en bloedig treffen hoeft plaats gehad tusschen de Ashantijnen en de hupee&apos;rs, en volgens de berichten van daar ontvangen, hebben do eersten het onderspit gedolven. Van de gevangengemaakte zendelingen verneemt men niets. Geruchten zeggen alweder, dat mevrouw Ramseijer gestorven is van vermoeidheid, en dat haar echtgenoot, die niet verder kon loopen, is doodgeslagen ; van de anderen heeft men niets vernomen. Ik moet hier nog opmerken, dat het slechts geruchten zijn, en dat men nabij de waarheid komt, wanneer men ze met 99 pet. vermindert.</p>
	<p>* &apos;s GRAVENHAGE, I Jan. De audiëntie van den minister van finantiën voor cle zaken van hervormde eeredienst op 4 en de audientié&apos;n der ministers van finantift&apos;n en van oorlog op 6 dezer, zullen niet plaats hebben. — Door Burg. en Weth. is gisteren ten raadhnize alhier aanbesteed : 1. Het leveren van de in 1870 benoodigde houtwaren, waal en ijsselsteen en verdere materialen. 2. Het onderhoud der straat-, grind-, schelp- en puinwegen. Minste inschrijvers waren: houtwaren de heer H. H. van Gogch, alhier, voor ƒ2548.87; — waalsteen de wed. Vos, teGorinchem, aƒ 12.34 per 1000 stuks; — ijss-Uteen de heer Mijnlieff, te Kortenoord, aƒ6 39 per ï000 stuks; — kalk de heer Wernmk en Aa., te Oudshoorn, I ƒ o.ar, j.er mud; de heer van Zanten, alhier, voor de tras a / l per mud, de teer a ƒ 13 per vat, en de pothuizen in verschillende afmetingen « f Lift f 1.05, ƒ I en f 0.83); — kantsteen zonder leggen, de heer&apos; Deviilers, alhier, k&apos;f-t.X per strekkende&apos; -el-, — tfzerwaren de heer van Zanten, alhier, voor ƒ 430 91. Voor het onderhouden der verschillende wegen was de minste inschrijver de heer Monshouwer, alhier, voor&quot; ƒ 18484. r-r De Hooge Raad der Nederlanden, Burgerlijke Kamer, deed heden uitspraak in het proces tussehen mr. L. Wenraaekcru en J. N. Vineken. Zoo als vroeger bij de behandeling der zaak werd medegedeeld, betreft het hier eene vordering tot betaling eener declaratie van den advókaat Werihiaekers, .wegens als zoodanig verrigté werkzaamheden. De Hoöge Eaad heeft het arrest vari liet Gerechtshof in Lirabüt&apos;g vernietigd en ten principale rechtdoende den verweerder in cassatie (Vinck«n) niet ontvankelijk verklaard in hét hóóger beroep van het vonnis der Rechtbank té Maastricht. .. . .</p>
	<p>Voorts heeft dé advokaat-generaal mr. Bomer in deze zitting konklnsie genomen in de zaak in revisie, bij dit collegie behandeld wordende tusschen .den staat der Nëderlanderl èn dé Vereeniging dêr laridverbéiefifig, gevestigd te Dordrecht. De kwestie in dete, nog zeer onlangs meer breedvoerig vermeld, betl&apos;ëft de door genoemde vereeniging gevorderde opruiming van verschillende werken, dóór den staat « tctt belióeVè van dcii waterweg van Rotterdam naar Zee, op gronden der vereeniging toénehöorende, daargesteld. De staat was daarentegen vail oordceel, dat de Hoog-e Raad van dit geschil niet bevoegd was kennis te nemen, en dit alleen aan den koning móest wouden onderworpen. De konklüsie, door den advokaat-generaal Romer genomen, Strekt tot verwerping van de ingestelde vóorïieniiig in revisie, met bevestiging Van &apos;s.Hoogen Raads arrest, den 31sten Augustus jl. in éérsten aanleg tusschen partijen gewezen. De Hooge Raad zal den 28sten Januari a. s. uitspraak doen. KATWIJK AAN ZEE, 30 Dcc: Dóór 39. schuiten, wejke dit jaar ter haringvisscherij zijn uitgeweest, is gezamenlijk aangebracht 3.HJB,orjÖ êtüks steurharing, waaraan werd beSömd ƒ 48,8f&gt;iï-, benevens 1494 ton pekelharing, welke men kan rekenen op p. m. ƒ 26,000. Van de yisscherij verkreeg men .dit jaar niet die vo&apos;ordèelige nit Whiti-t alslii liet vorige jaar. Slechts enkelen maakte&apos;! goede rekening., terwijl het meerendeel der reedeïs en visschers eene nadeelige uitkomst verkreeg. De vangst was over het algemeen schaarsch en de laatste vischtijd, wanneer iri .vorige jaren de. küstharing iiiltü weid geVahg&apos;eii, leverde nu elechts onbeduidend voordeel op. Veel stormachtig Weder belette ook grootendeels de uitoefening der visscherij; ook daardoor hebben wij het verlies te betreuren vari twee vaartuigen en vari 17 manschappen. Wij vjüdeï «wis echter gedrongen dankbaar te Verhielden, dat ons allerwcge veel deelneming is betoond, door het uitreiken van milde giften aan de kommissie ter ondersteuning van de uagelatene betrekkingen der verongelukten. GRONINGEN, 30 Dec. Door heeren Ged. Staten is heden ter vervulling van de vacature, ontstaan doof het verleeijd eervol ontslag aan dl. G A. Veriema, benoemd tot kommies ter provinciale griffie de heer mr. ï. G. H. Reitsma, advókaat te Groningen. De heer J. Roegholt, adjunkt-komnlies van de 2de klasse, is bevorderd tot adjunkt-kómiriies van de Iste klasse. — Heden heeft de heer T. Kiliper, litt, kand. aan de hoogeschool alhier, eene benoeming ontvangen als docent voor de oude talen aan het gymnasium te Bommel. (Gron. Ct.) * * GRONINGEN, 30 Dec. Heden zijn alhier 12 personen tegelijk door het ijs gezakt. Allen zijn gelukkig gered. * ASSEN, 31 Dec. Te nauwernood is het water dichtgevroren of men ziet reeds Waaghalzen zich op het brooie ijs begeven, Vijf personen ó. a., die zich óp het Peizerdiep waagden om schaatsen te rijden, zakten allen door het ijs. Gelukkig dat nóg juist bij tijds hulp opdaagde, anders zotlden Zij allen gewis &apos;hürinne ïoekeloósneld niet déri dood geboet hébben. Een knaap is óp hét Oranje-kanaal door het ijs gezakt en met veel moeite gered.</p>
</text>
