<?xml version="1.0" encoding="UTF-8"?>
<text>
	<title>Prijscourant der Effekten.</title>
	<p>Ij&amp;Ygste Hoogsto&apos; GebL ZATERDAG 1 JANUARI. koers, koers, koers. Nebcel. Cert. Nat. W.S.. . 21/2 pCt. 537/8 8318/ w Dito Dito Dito 3 « „•/» Dito Dito Dito 4 » 8411/ w B&quot;*3/* Schuldb. Amort. Syndicaat 31/2 » 807/ s Obbg. Gem. Amsterdam . 5 » Dito Dito 4 n Dito Dito 31/2 /&apos; Dito Dito Kanaal-Leen. . 3 » Oblig. Gem. Rotterdam. . 3 // 87»/» België. Cert. Adm. Bank. . 21/2 » Dito bij Gebr. Rothschild. 21/2 &quot; 583/4 SrANJE. Oblig. 3 pCt. ... 3 ir 257/8 Dito Buitenl. 1841. ... 3 » Dito Dito. . 1867. ... 3 * 265/18 2&lt;flr* Dito Dito. . 1869. ... 3 # 249/ w 2477* Dito Binnenl. a ƒ 6250. . 3 » 21»/4 217/ - j Dito Dito ƒ1250 en ƒ2500 3 . 22% PORTUGAL. Oblig. 1853. .. 3 r 331/2 Dito 1856/1863 3 * _l/g Dito 1867 3 ir 33 33Vs Dito 1869 3 // 323/4 321% Rusl. Obl. Hope 1798/1816. 5 » 93Wg Cert. Adm. te Hamb. 1820 . 5 ,1 Oblig.-Leening 1822 ... 5 » Cert. bij Hope &amp; C°. 1831 . 5 » Dito Dito 1833 5 » 71 Inschr. sde Serie 1854 . . 5 » Dito 6de Serie 1855 ... 5 « 753/9 Oblig.-Leening 1862 ... 5 » Dito 1864 a ƒ 1000 ... 5 » 891/ j Dito 1864 a £ 100 ... 5 « Dito 1866 a ƒ 1000 ... 5 , _i/3 Dito 1866 a £ 100 ... 5 » Dito 1850 Iste Leening. . 41/2 » 88 Dito 1860 2de « ■.4 Vs » 813/4 Cert bü Hope &amp; C°. 1840 . 4 1 Inschr. 2e, 3e, 4e I.p.oning . 4 « Dito 5e Leening 1845. . . 4 » Oblig.-Leening 1867 ... 4 » 64Vs 64»/g 1 Dito Leening 1869 .... 4 » | 631/4 63% Dito 1859 3 » Inschr. in Bank-Aseign. . . 6 11 Certificaten van Dito ... 6 » Aand. 1864 5 pCt. Ks. 100 . ƒ Dito 1866 * Polen. Schatk.-Oblig. 1844. 4 pCt. Aand. 1835,11.500 .... ƒ 1711/3 172 Pruisen. Obligatien .... 5 pCt. Aand. 31/2 pCt, a Th. 100. . ƒ Oosten». Obl. pap. Mei/Nov. 5 pCt. 47»/_ 475/s Dito Dito Febr./Aug.. . . 5 , Dito zilver Jan./ Juli. .. 5 , 551% 56 Dito Dito April/Oct..  5 » 55% Aand. a fl. 250, 1839. . . ƒ 528 D°. D°. 4 pCt. 11. 250 1854 „ D°. D°. 5 pCt. « 500 1860 , 480 D°. D° » 1001864 , 1131/4 11* Italië. Inschrijving .... 5 pet. Cert. Amst. Adm 5 „ Griekenland. Oblig. 1825.5 1, 9 schoon. Turkije. Obl. Alg.Schuld . 5 „ 42/8 -423/4 Dito 1863/1865. ..... ƒ Egypte Oblig. 1868 ... 7 pCt. 76-1/8 76&apos;,&apos;s N.-Ameiuka. V.bt.losb. 1874 5 „ Dito Dito ... 1904 5 , 871/ s 87 &apos;/is Dito Dito ...» 1881 6 „ Dito Dito .. . &quot; 1882 6 y 9i3/18 911/4 Dito Dito ...&quot; 1884 6 „ go Dito Dito .. . « 1885 6 „ 301/4. 90--/8 Dito Louis, bij Hope &amp; C°. 5 „ Brazilië. Obl. 1865 .... 5 „ Dito .... 1852 ... . 4i/2 „ Dito .... 1838 .... 41/3 „ 75 Dito .... «860 ... . 41/2 » Dito .... 1863 .... 41/2 „ 721/4 Mexico. Obligatien 1851 . . 3 *• Dito 1864 3 „ Aand. 6 pCt. 1865 Fr. 500 . f Grenada. Obligatien .. . 3 pCt. Dito Gcstemp. Werkelijke Dito Dito Uitgestelde . . 71/. Venezuela. Oblig. 186_ . .6 pCt. Dito uit de Conversie . . 6 „ Dito 3 r Dito 11/3 „ Ecuador. Obligatien 1855 . 1 »</p>
	<p>Ned. Bank, Aand 5 pCt. 246 Ned. Handel-Maatsch., Aand. 41/2 « Dito Dito Rescontre . . . 113 Vs Ned. Rhijnspw.-M., Aand. . 279 V« Nat. Hyp.-Bank, Pandbr. . 4 pCt. 97 Gr.Russ.Spw.Aand.,spCt..5pCt.. f 214 2151/. 2141/2 Russ. Spw. Jelez 5 pCt. . . » 199 Dito Poti Tiflis a ƒ 1000. 5 pCt. _V 2 Dito Kursk Chark. ƒ 1000 5 , g^ Dito Moskou Smol. ƒ 1000 5 » 3,1, / fiffu Dito Warschau-Bromberg. 523 Oost. Nat. Bank, Aand. . 3 , 706 703 Fr. Oost. Spw., Oblig. 3 pCt. „ 1351/ Hlin.Cent.-Sp., Cert. v. Aand. , lOSt Dito Dito Redempt. Oblig. 6 „ 77,/ 77]^ Chic.N.W.Certv.Pr.Aand. m exd- Erie-Spoorw. Ong. Aand Ml/ St. Paul &amp; Pae. Sp. Ie S. Obl. 7 , Dito Dito 2de Sectie. .. 7 , m Dito Dito Gecons 7 Dito Dito 1869. ..• •• 7 » 67 Koers van het Geld: Beleen. -; proiong. 5, s/2 pCt. Aldus opgemaakt door hel Bestuur der Effecten-Sociëteit, r* r A L VAN OOTROP, Pres.-Comm.</p>
	<p>De omzet ter beurse was wegens den nieuwjaarsdag zeeron- aand. N. IL M. onveranderd stil. Van buitenl. effecten waren spaansche zeer ferm. Portug. met binnenl. vraag 3,B.hooger. Turken en oostenr. meer aangeboden Van russ. zijn de sporen op nieuw f n,3 gestegen; de overige genorteerde soorten leverden geene meldenswaardige VeGeïddCztf X en op prolongatie 1 pCt. lager Aand Theis. Spw. 243; 5 pCt. fcongaarscho Spoorweg 102- 3 nCt Victor-Emaniiel 72i/3-, Aand. met loting stad Madrid 21 i/*- 7 pCt. Rockford Rock Island 69%; 7 pCt. Centraal pkcific 731/4; ÜnionPaciflc 731/4. 6 pCt. Misssourifi4, V»; Aand. Loten Paleis Volksvlijïes^OjjCt. Ver. Stat. 8»* Koers van het geld bij de Ned. Bank sedert 3 Nov. .&apos;-SJJ?-J Wissel-Disconto 5 pCt.-, Promessen-Disconto 51/2 P^ &apos;W„ »c&quot; mng van Binnenl. Effecten si/2 pCt.; id. van Bui**&quot;- 8 PCt. id. van Goederen 51/2 pCt. Prijzen der Q,uponT~MeMlieke f 19.90 »lto Nationale / 24.171/,- DitofEng per £ƒ 11 77V*&apos;* EnS&apos; •*»*•« W £ ƒ U.77V.lEng,Portugali?er£ ƒ 11.77V-1 FïBnscbi^1,„0?*1|,n, |«lg. M&quot; Vnit. /Mr, Hamb. Russen ƒ -1 »««»»■ Z. E. /281*1 Pools, in fl. ƒ271/8, per Z. B. /-_-ï Spaans; ƒ -; Amerikaansche Dollars ƒ 2.41; Dito Papier ƒ ; Roebels ƒ—; Turksche Coupon ; Spaans.-Irans. ƒ 56i&apos;8 ; Piaster f 2.241/2; Oostenr. Bank-Actien —.—.</p>
</text>
