<?xml version="1.0" encoding="UTF-8"?>
<text>
	<title>VERVOLG DER NIEUWSTIJDINGEN. AMSTERDAM, Zaterdag 1 Januari.</title>
	<p>Het heeft H. K. H. Prins .s Frederik der Nederlanden behaagd aan de Vereening Hulpbetoon aan eerlijke en vlijtige armoede alhier voor de eerlang door haar te houden verloting te doen toekomen een keurig gewerkt zijden kanapeekussen.</p>
	<p>Eergisteren ta in eene openbare terechtzitting der arrondissemenls rechtbank te Goes de Heer Mr. P. van der MccrMohr als rechter geïnstalleerd.</p>
	<p>** LEEUWARDEN, 31 Dec. Met genoegen kunnen wij melden, dat het schoolverbond hier ter stede reeds bijna 200 leden telt en dat de poging, om alhier eene afdeeling te vormen, dus als zeer gelukt is te beschouwen. Het voorloopig bestuur houdt zich thans bezig met het ontwerpen van een reglement voor de 4&gt;p te richten afdeeling, * ENSCHEDE, 31 Dec. Op hot einde van dit jaar zijn hier in werking 25 stoomfabrieken, waaronder 12 stoomkatoenspinnerijen en 13 weverijen, gezamenlijk met een getal werk» heden van p. m. 2800. .. .-, „ * DEVENTER, 31 Dcc, Do IJsel Is gevallen tot 4.75 M. + A. P. Het Almeloosche kanaal is dicht gevroren. * DEVENTER, 1 Jan. Heden is van hier naar Hengelo in Overijssel vertrokken een detachement huzaren, groot ongeveer 25 manschappen, onder bevel van den luitenant Dutry van Haeften, ter vervanging van het detachement onder bevel van den luitenant Taets van Amerongeu, hetwelk bij hot garnizoen alhier zal terugkeeren.</p>
</text>
