<?xml version="1.0" encoding="UTF-8"?>
<text>
	<title>Prijscourant der Effecten.</title>
	<p>v Laagste Hoogste Gebl. VRIJDAG 31 DECEMBER. koers, koers, koers. Neueiil.. Cert. Nat.W.S.. . 2%pCt. 531% 537/s 581% Dito Dito Dito 3 « 62% 62% Dito Dito Dito 4 « 84 n/m 84% Schuldb. Ainort. Syndicaat 31/2 &lt;/ Oblig. Gem. Amsterdam . 5 » Dito Dito 4 » Dito Dito 31/3 // 791/2 Dito Dito Kanaal-Leen. . 3 « Oblig. Gem. Rotterdam. . 3 » 87 BitGiE. Cert. Adm. Bank. . 21/3 » Dito bij Gebr. Rothschild. 2V2 &quot; Spanje. Oblig. 3 pCt. ... 3 /&apos; 253/4 2fi Dito Buitenl. 1841. ... 3 e 2IK Dito Dito. . 1867. ... 3 « 26 %6 26% Dito Dito. . 1869. ... 3 » 24% 25 24% Dito Binnenl. a ƒ6250. . 3 t 21% 211% 211% Dito Dito ƒ 1250 en ƒ2500 3 » 217/ a 22% 1 Portugal. Oblig. 1853. .. 3 &quot;33 33% &apos; Dito 1856/1863 3 » 82% | 32% Dito 1867 3 11 821% 32 - i Dito 1869 3 « 321/ a Rusi.. Obl. Hope 1798/1816. 5 « 94 Cert. Adm. te Hamb. 1820 .5 &quot;68 63% Oblig.-Lcening 1822 ... 5 * Cert. bij Hope &amp; C°. 1831 . 5 » Dito Dito 1833 5 » 7015/16 Inschr. sde Serie 1854 . . 5 » Dito 6de Serie 1855 ... 5 » 75% 75% Oblig.-Leening 1862 , . . 5 » Dito 1864 a ƒlOOO ... 5 « 89% 895-&apos; a Dito 1864 a £ 100 ... 5 • Dito 1866 a ƒ 1000 ... 5 » 88% 881/1) Dito 1866 a £ 100 ... 5 » Dito 1850 Iste Leening. . 41/2 «■ 871/2 Dito 1860 2de » . . 41/2 » 81 Va Cert. bij Hope &amp; C°. 1840 . 4 » Inschr. 2e, 3e, 4e Leening . 4 • Dito 5e Leening 1845. . . 4 » ObUgj-Leening 1867 ... 4 » 63% 64 Dito Leening 1869 .... 4 » 63% 83% Dito 1859 3 &apos;/ Inschr. in Bank-Assign. . . 6 « Certificaten van Dito . . . 6 » 417/ g Aand. 1864 5 pCt. Es. 100 . ƒ 2301/2 Dito 1866 &apos; 220V2 Polen. Schatk.-Oblig. 1844. 4 pCt. 63% Aand. 1835, fl. 500 .... ƒ Pruisen. Obligatien .... 5 pCt. 97% Aand. 3% pCt. a Th. 100. . ƒ Oosten 11. Öbl. pap.Mei/Nov. 5 pCt. 471% 47 B/m 47W/,. Dito DitoFebr./Aug.. .. 5 « 47% 47% Dito zilver Jan./Julij. .. 5 » 56%) 56%« 561/ib Dito Dito April/0ct.... 5 « 55% 55 % Aand. a fl. 250, 1839. . . ƒ D&quot;. D°. 4 pCt. fl. 250 1854 « D°. D°. 5 pCt. « 5001860 &apos; 478% 480 D°. D° // 1001864 &quot; 112&apos; i Italië. Inschrijving .... 5 pCt. Cert. Amst. Adm 5 » Griekenland. Oblig. 1825 . 5 « Turkije. Obl. Alg.Schuld . 5 « 427/jg 421% 42% Dito 1863/1865 ƒ Egypte Oblig. 1868. ... 7 pCt. 76% 76% N.-Amerika. V.St. losb. 1874 5 Dito Dito ...» 1904 5 // 87% Dito Dito ... e 1881 6 *• 93% 937/ M Dito Dito .. . 11 1882 6 « 91 % 91% Dito Dito .. . » 1884 6 « 90 Dito Dito .. . i&apos; 1885 6 « 90% 903/ i« Dito Louis, bij Hope &amp; C°. 5 « Bha7.ii.ie. Obl. 1865. ... 5 n 841% 85 Dito .... 1852 .... 41/2 11 Dito .... 1858 .... 41/2 &quot; Dito .... 1860 .... 41/2 &quot; Dito .... 1863 .... 41/2 « Mexkio. Obligatien 1851 .. 3 » 13 Dito 1864 3 11 Aand. 6 pCt. 1865 Fr. 500 . ƒ Grenada. Obligatien ... 3 pCt. Dito Gestemp. Werkelijke Dito Dito Uitgestelde . . 7% Venezuela. Oblig. 1862 . .6 pCt. Dito uit de Conversie . . 6 » Dito 3 it Dito 11/2 11 Ecuadob. Obligatien 1855 . 1 // Ned. Bank, Aand 5 pCt. 245 Ned.Handel-Maatsch., Aand. 41/2 » 113 113% Dito Dito Rescontre. . . 113% 113i,i&gt; 1131/4 Ned. Rhijnspw.-M., Aand. . 279% Ned. Ind. Spw.-M., Aand. . 41/2 &apos; Oblig. Dito Dito 1869 . . 41/2 » 91/* Maats. Staats-Spw., Aand. . 721/4 Ned. Centr.-Spw.-M., Aand.. Dito Dito Oblig. 3 pCt. . ƒ Dito Dito gestempeld . . // 66 Nat. Hyp.-Bank, Pandbr. . 4 pCt. 96% 97 Amst. Kan. Maatsch. Aand. Dito Dito Oblig. 1868 .. 4 » 83% Gr.Russ.Spw.Aand.,spCt.. ƒ 213 214% 213% H Dito Dito Hypoth. Oblig. . 41/0 pCt. Dito Dito 4 pCt ƒ 161 161% Russ. Spw. Jelez 5 pCt. . . » 200 Dito Poti Tiflis a ƒ 1000. 5 pCt. 82% Dito Kursk Chark. ƒ 1000 5 » 803/ a Dito Chark. Azow. £ ioo 5 » 78% 78% Dito Moskou Smol. ƒ HMX» 5 • » 80lfe Dito Warscliau-Broniberg. 521/8 521/4 Oost. Nat. Bank, Aand. . . 3 « 101 Zuid-ltal. Spw., Oblig. 3 pCt. u 78 78% Chic. N. W. Cert. v. Pr. Aand. 71% 71% 71% Erie-Spoorw. Orig. Aand. . 18Vs 18-Vio St. Paul &amp; Pac. Sp. Ie S. Obl. 7 » Dito Dito 2de Sectie. . . 7 &quot; 66 Dito Dito Gecons 7 » 651/4 Dito Dito 1869 7 &quot; 67 67% A&apos;oers t&gt;an het Geld.- Beleen. —-, Prolong. 6 pCt. Aldus opgemaakt door het Bestuur der Effecten-Sociëteit, P. A. L. VAN OGTROP. Pres.-Comm.</p>
	<p>Ï&apos;011. fondsen «onder noemenswaardig verschil, and. N H. M. «/• pCt. lager, door aanbod van dividenden, die a ƒ 52&apos; i/3&apos; gedaJn wcfleri; In buitenl. elfeeten was&apos; de eteirtrttrig irleerortdeele gtliistit&apos;er, ten gevolge van inkoopen vcor geldbelegging-&apos; alle soorten töoneu een vooruitgang van 1/4 » 3/s pCt. aan, terwijl ven iptmwegaandeelen , de inss. en Theissporcn beide ƒ3 gerezen zijn. Ge\l zeer ruim en op prolongatie I pCt. lager. 5 pCt. Metall&apos; Rffltfte Amst. 611/4, 7/g; 5 pt&apos;t. dito Nationale 5311/16, 3/4; Oostenrijksclio Ar.&apos;Meelen met loting fl. 100 159; Aand. Theis. Spw. 2421/2, 244 exd., 6 y,lt, ..Ik-ngaarsche Spoorweg Oblig. 1001/3. &gt;&apos;»&apos;-; 5 pCt. dito dito 1809,*^ 7 pGk. Rumaansche Leening 130; 3 pCt. Victor-Emanuel 72,. Va)&apos; Aand. met loten stad Madrid 20% 21; 7 pOt. Rockford Rock Hand 691/81 s/si ~ pCt. West Wiseonsm6BV2,s/*; 6pCt. Union }&apos;a&quot;if 7»i/4; 9 pGi Vereen. Amer. fondsen Bli/4; 6 pCt. Missouri Pacif. ét, 1 &apos;t: O. L Maateeh. van Adm. en Lijfr. 941/2; 6 pCt. Turken 1869 ƒ 143.&apos;</p>
	<p>Koers ran liet geld bij de Ncd. Bank sedert 3 Nov. 1869. Wissel-Disconto 5 pCt.; Promessen-Disconto 51/3 pCt.; Beleening van Binnenl. Effecten 51/3 pCt.; id. van Buitenl. Effecten 5 pOt. id, van Goederen 51/2 pCt.</p>
	<p>Prijzen der Coupons. Metallieke ƒ i 9.90; Dito Nitiönitle ƒ 24.171/3; Dito Kng. per £ f 11.771/2; Eng. Bussen per £ f 11.771/2; Eng. Portugal per £ ƒ 11.771/2; Fransche ƒ 56«/ r ; Belg. 56% ; Pruis, ƒ 341/2; Hamb. Russen ƒ—; Russen in. Z. tó. ƒ2Bl/a; Pools, in ji. f 21%; per Z. R. ƒ ; Spaans; ƒ -—; Amerikaansche Dollars ƒ 2.41; Dito Papier ƒ ; KM.!* ƒ—; Turksche Coupon •; Spaans.-Frans. f 561/8; Piactcr ƒ 3.54&apos;/«.; Oostenr: Bank-Actien —,—,</p>
</text>
